Profile,Age,Occupation,Travel Style,Travel Frequency,Preferred Destinations,Accommodation,Activities,Interests,Budget,Tech Savvy
Budget Backpacker,22-35,"Student, Freelancer, Entry-Level Professional","Budget-conscious, adventurous, social, seeks authentic experiences","Frequent short trips, occasional longer adventures","Off-the-beaten-path locations, budget-friendly cities, developing countries","Hostels, budget guesthouses, Airbnb rooms","Hiking, nightlife, food tours, local markets, festivals","Culture, adventure, social interaction, photography",Low to moderate,"Highly tech-savvy, comfortable with mobile apps and social media"
Luxury Traveler,35-55+,"High-income professionals, executives, entrepreneurs","Luxurious, exclusive experiences, personalized service","Occasional high-end trips, often for special occasions","Exclusive resorts, private islands, luxury villas, renowned cities","High-end hotels, private villas, luxury resorts","Fine dining, spa treatments, cultural events, exclusive tours","Relaxation, fine dining, cultural experiences, adventure travel",High,"Tech-savvy, but may prefer concierge-level service"
Business Traveler,25-55+,"Professionals, executives, entrepreneurs","Efficient, productive, comfortable, often for work-related purposes","Frequent business trips, occasional leisure travel","Major business hubs, conference centers","Business hotels, serviced apartments","Business meetings, conferences, networking events, exploring local cuisine","Efficiency, convenience, productivity, safety","Business expenses, often with company reimbursements","Highly tech-savvy, reliant on technology for work and travel"
Family Explorer,25-45+,"Parents, families with young children","Family-friendly, educational, adventurous","Occasional family vacations, school breaks","Family-friendly resorts, theme parks, educational destinations","Family-friendly hotels, vacation rentals, campgrounds","Theme parks, museums, zoos, outdoor activities, family-friendly dining","Education, entertainment, safety, convenience","Moderate to high, depending on trip length and destination","Tech-savvy, but may require user-friendly interfaces for family use"
Digital Nomad,25-40+,"Remote workers, freelancers, entrepreneurs","Flexible, adventurous, seeking co-working spaces and local communities","Frequent, extended travel periods","Digital nomad hubs, remote locations with good internet connectivity","Co-living spaces, serviced apartments, Airbnb rentals","Co-working spaces, networking events, local cafes, cultural experiences","Remote work, travel, personal growth, exploring new cultures",Varies depending on lifestyle and travel style,"Highly tech-savvy, reliant on technology for work and communication"
The Eco-Traveler,25-45+,"Environmentally conscious professionals, students","Sustainable travel, eco-friendly accommodations, local experiences","Occasional trips, often for longer durations","Ecotourism destinations, off-the-grid locations, nature reserves","Eco-lodges, homestays, camping, sustainable accommodations","Hiking, wildlife viewing, volunteering, cultural immersion","Sustainability, environmental conservation, local culture","Moderate, willing to pay a premium for sustainable options","Tech-savvy, uses technology for research and booking, but values offline experiences"
The Wellness Traveler,30-50+,"Health-conscious professionals, retirees","Wellness retreats, yoga retreats, spa vacations, healthy cuisine",Occasional trips for rejuvenation and relaxation,"Wellness destinations, spa resorts, yoga retreats, natural hot springs","Wellness resorts, boutique hotels, private villas","Yoga, meditation, spa treatments, healthy cuisine, fitness activities","Wellness, relaxation, personal growth, health and well-being","Moderate to high, willing to pay a premium for wellness experiences","Tech-savvy, uses technology to research and book, values privacy and personalized experiences"
The Solo Adventurer,28-40+,"Independent travelers, freelancers, adventurers","Solo travel, off-the-beaten-path experiences, cultural immersion","Frequent solo trips, often for extended periods","Remote destinations, off-the-grid locations, cultural hubs","Hostels, guesthouses, Airbnb rooms, solo travel accommodations","Hiking, backpacking, photography, cultural immersion, volunteering","Adventure, personal growth, independence, cultural exchange","Budget-conscious, but willing to invest in unique experiences","Highly tech-savvy, uses technology for communication and navigation"
The Luxury Family,35-55+,"High-net-worth individuals, executives, entrepreneurs","Exclusive experiences, personalized service, high-end amenities","Occasional luxury vacations, often for special occasions","Private islands, luxury resorts, exclusive destinations, private tours","Private villas, luxury resorts, five-star hotels","Fine dining, private jets, bespoke tours, cultural experiences","Luxury, exclusivity, personalized service, unique experiences","High, willing to pay a premium for exceptional experiences","Tech-savvy, but may prefer concierge-level service and personalized assistance"
The Student Traveler,18-25+,"Students, recent graduates","Budget-conscious, educational, social, cultural immersion","Frequent short trips, budget travel during breaks","Student-friendly cities, historical sites, cultural centers","Hostels, budget guesthouses, Airbnb rooms, student accommodations","Exploring local culture, nightlife, social events, volunteering","Budget-conscious, seeks value, open to new experiences","Low to moderate, often reliant on student discounts and budget travel options","Highly tech-savvy, utilizes social media and online resources extensively"